COMMUNE,WILAYA
REMCHI,TLEMCEN
BENI SAF,AIN-TEMOUCHENT
OUED EL ALLEUG,BLIDA
BOUDJIMA,TIZI-OUZOU
EL HAMMA,KHENCHELA
AIN MLILA,OUM EL-BOUAGHI
DRAA BEN KHEDDA,TIZI-OUZOU
OUED ZENATI,GUELMA
SOUK EL THENINE,BEJAIA
OUED RHIOU,RELIZANE
RAS EL OUED,BORDJ-BOU-ARRERIDJ
TIZI OUZOU,TIZI-OUZOU
BENACEUR,TOUGGOURT
EL HASSANIA,CHLEF
BIRTOUTA,ALGER
SIDI HOSNI,TIARET
TENES,CHLEF
ZERALDA,ALGER
BORDJ EL EMIR ABDELKADER,TISSEMSILT
HASSI EL GHELLA,AIN-TEMOUCHENT
KOUBA,ALGER
MAGHNIA,TLEMCEN
EL KHROUB,CONSTANTINE
YABOUS,KHENCHELA
EL MILIA,JIJEL
SEMAOUNE,BEJAIA
HAMMA ANASSERS,ALGER
TEBESSA,TEBESSA
BARIKA,BATNA
MSILA,MSILA
EL HADAIEK,SKIKDA
NEKMARIA,MOSTAGANEM
HELIOPOLIS,GUELMA
DJELFA,DJELFA
EL ADJIBA,BOUIRA
DOUERA,ALGER
EL HASSASNA,SAIDA
SOUGUEUR,TIARET
AIN SMARA,CONSTANTINE
HASSI ZAHANA,SIDI-BELABBES
BITAM,BATNA
CHEMORA,BATNA
OUM EL BOUAGHI,OUM EL-BOUAGHI
OULED ABBES,CHLEF
BOUSAADA,MSILA
SEDDOUK,BEJAIA
BOUGAA,SETIF
DELY BRAHIM,ALGER
AIN TAYA,ALGER
LARDJEM,TISSEMSILT
BEJAIA,BEJAIA
THENIA,BOUMERDES
AIN NOUISSI,MOSTAGANEM
IGLI,BÉNI ABBÈS
BIRINE,DJELFA
SIDI CHAMI,ORAN
MASCARA,MASCARA
HUSSEIN DEY,ALGER
MOSTAGANEM,MOSTAGANEM
OULED DERRADJ,MSILA
OULED KHALED,SAIDA
KHENCHELA,KHENCHELA
MEDEA,MEDEA
ANNABA,ANNABA
HAIZER,BOUIRA
AIN BEIDA,OUM EL-BOUAGHI
OUED CHEHAM,GUELMA
SIDI BEL ABBES,SIDI-BELABBES
AIN EL HADJEL,MSILA
TIGHENNIF,MASCARA
SIDI FREDJ,SOUK-AHRAS
AHMER EL AIN,TIPAZA
SIG,MASCARA
TIARET,TIARET
KHEMIS EL KHECHNA,BOUMERDES
IBN ZIAD,CONSTANTINE
AIN-DEFLA,AIN-DEFLA
HADJOUT,TIPAZA
TLEMCEN,TLEMCEN
CHELATA,BEJAIA
KHELIL,BORDJ-BOU-ARRERIDJ
EL FEDJOUDJ,GUELMA
ECHATT,EL-TARF
NAAMA,NAAMA
EL MALAH,AIN-TEMOUCHENT
EL AMRIA,AIN-TEMOUCHENT
BORDJ BOU ARRERIDJ,BORDJ-BOU-ARRERIDJ
HAMMEDI,BOUMERDES
HATTATBA,TIPAZA
SKIKDA,SKIKDA
EL-TARF,EL-TARF
AIN BOUCIF,MEDEA
BLIDA,BLIDA
AIN EL IBEL,DJELFA
BERROUAGHIA,MEDEA
OULED FAYET,ALGER
OUED SMAR,ALGER
TELAGHMA,MILA
TISSEMSILT,TISSEMSILT
FRENDA,TIARET
MEZAOUROU,SIDI-BELABBES
CONSTANTINE,CONSTANTINE
BIR CHOUHADA,OUM EL-BOUAGHI
TIPAZA,TIPAZA
MLILI,BISKRA
MAHELMA,ALGER
TABLAT,MEDEA
MECHRIA,NAAMA
CHELLALAT EL ADHAOURA,MEDEA
EL OURICIA,SETIF
BOLOGHINE IBN ZIRI,ALGER
BORDJ EL BAHRI,ALGER
SIDI ALI,MOSTAGANEM
MEKHAREG,LAGHOUAT
HASSI BAHBAH,DJELFA
TIMZRIT,BEJAIA
BOUHADJAR,EL-TARF
BORDJ GHDIR,BORDJ-BOU-ARRERIDJ
TSABIT,ADRAR
AIN TURK,ORAN
GHASSIRA,BATNA
BABA HASSEN,ALGER
GUELAAT BOUSBAA,GUELMA
BATNA,BATNA
JIJEL,JIJEL
GUELMA,GUELMA
ORAN,ORAN
MILIANA,AIN-DEFLA
BAGHLIA,BOUMERDES
OUM DROU,CHLEF
BEN KHELIL,BLIDA
BORDJ EL KIFFAN,ALGER
HASSI BEN OKBA,ORAN
AIN KERCHA,OUM EL-BOUAGHI
BAB EL ASSA,TLEMCEN
AIN BABOUCHE,OUM EL-BOUAGHI
REGHAIA,ALGER
EL BAYADH,EL-BAYADH
EL HMADNA,RELIZANE
EL KALA,EL-TARF
SENDJAS,CHLEF
OUED EL ANEB,ANNABA
OUED ESSALEM,RELIZANE
ES SENIA,ORAN
BEN FREHA,ORAN
BIR MOURAD RAIS,ALGER
SOUK-AHRAS,SOUK-AHRAS
AZEFFOUN,TIZI-OUZOU
BOUROUBA,ALGER
AIN OUESSARA,DJELFA
SETIF,SETIF
RAIS HAMIDOU,ALGER
BIR KHADEM,ALGER
KSAR EL BOUKHARI,MEDEA
SEDRATA,SOUK-AHRAS
EL AFFROUN,BLIDA
SFISEF,SIDI-BELABBES
KSAR EL ABTAL,SETIF
BISKRA,BISKRA
BOURACHED,CHLEF
TEGHALIMET,SIDI-BELABBES
SAOULA,ALGER
OUARGLA,OUARGLA
AIN OULMANE,SETIF
BENI ABBES,BÉNI ABBÈS
AIN KHADRA,MSILA
BAGHAI,KHENCHELA
EL HADJAR,ANNABA
OUED FODDA,CHLEF
EULMA,ANNABA
TOLGA,BISKRA
OUED TAGHIA,MASCARA
GHARDAIA,GHARDAIA
HASSI MESSAOUD,OUARGLA
BECHAR,BECHAR
FERDJIOUA,MILA
MEURAD,TIPAZA
AIN KERMES,TIARET
BIR EL DJIR,ORAN
BARAKI,ALGER
SIDI BEN ADDA,AIN-TEMOUCHENT
SIRAT,MOSTAGANEM
EL AMIRIA,OUM EL-BOUAGHI
ALGER,ALGER
EMDJEZ EDCHICH,SKIKDA
TOUGGOURT,TOUGGOURT
SIDI AMER,ANNABA
SAIDA,SAIDA
DJAMAA,EL-OUED
RELIZANE,RELIZANE
TIMGAD,BATNA
OULED BEN ABDELKADER,CHLEF
BENI MERED,BLIDA
EL ATTAF,AIN-DEFLA
BOGHAR,MEDEA
ILOULA OUMALOU,TIZI-OUZOU
EL AZIZIA,MEDEA
OUED SEGUEN,MILA
HASSI FDOUL,DJELFA
TALA HAMZA,BEJAIA
LAGHOUAT,LAGHOUAT
AIN LALOUI,BOUIRA
TERRAI BAINEM,MILA
OUED TAGA,BATNA
EL MATMAR,RELIZANE
HAMMAM BOUGHRARA,TLEMCEN
BOUDOUAOU,BOUMERDES
BOUATI MAHMOUD,GUELMA
TKOUT,BATNA
CORSO,BOUMERDES
BOUCHRAHIL,MEDEA
EL BOUNI,ANNABA
BEB EZZOUAR,ALGER
GUERROUAOU,BLIDA
TAZOULT,BATNA
EL ABBADIA,AIN-DEFLA
TELAGH,SIDI-BELABBES
OUED KORICHE,ALGER
STAOUELI,ALGER
THENIET EL HAD,TISSEMSILT
LARBAA,BLIDA
OUED SLY,CHLEF
EL AOUINET,TEBESSA
DJIDIOUIA,RELIZANE
ICHEMOUL,BATNA
AIN KECHRA,SKIKDA
KSAR CHELLALA,TIARET
BENI OULBANE,SKIKDA
CHETOUANE,TLEMCEN
HAMMA BOUZIANE,CONSTANTINE
YELLEL,RELIZANE
BEN BADIS,SIDI-BELABBES
MENACEUR,TIPAZA
EL HACHEM,MASCARA
AIN TINE,MILA
OULED MAALAH,MOSTAGANEM
BIR EL ARCH,SETIF
CHAHNA,JIJEL
EL OUED,EL-OUED
CASBAH,ALGER
BOUZGUEN,TIZI-OUZOU
MEZLOUG,SETIF
CHEBBALA MILAT,JIJEL
FRIKAT,TIZI-OUZOU
BENI OUARTILANE,SETIF
HOUARI BOUMEDIENE,GUELMA
BOUKADIR,CHLEF
AIN TURK,BOUIRA
ES SEBT,SKIKDA
CHLEF,CHLEF
AOKAS,BEJAIA
AIN ARNAT,SETIF
MOHAMMADIA,MASCARA
TIGZIRT,TIZI-OUZOU
AIN EL ASSEL,EL-TARF
CHAABET EL HAM,AIN-TEMOUCHENT
EMIR ABDELKADER,JIJEL
KENADSA,BECHAR
DAR EL BEIDA,ALGER
BENI BACHIR,SKIKDA
BEIDHA BORDJ,SETIF
CHBAITA MOKHTAR,EL-TARF
AIN SEFRA,NAAMA
SIDI LAKHDAR,AIN-DEFLA
SIDI AISSA,MSILA
BENI SLIMANE,MEDEA
SIDI DAOUD,BOUMERDES
OULED YAICH,BLIDA
TINDOUF,TINDOUF
EL KARIMIA,CHLEF
AMALOU,BEJAIA
LAKHDARIA,BOUIRA
ABOU EL HASSEN,CHLEF
EL MADANIA,ALGER
BOUIRA,BOUIRA
BOUKANEFIS,SIDI-BELABBES
LABIODH MEDJADJA,CHLEF
EL GUETTAR,RELIZANE
TAHER,JIJEL
OULED YAICH,RELIZANE
DJELIDA,AIN-DEFLA
BENI DERGOUN,RELIZANE
NEDROMA,TLEMCEN
MAZOUNA,RELIZANE
TIMIZART,TIZI-OUZOU
MCHEDALLAH,BOUIRA
EL BIAR,ALGER
BENI MOUHLI,SETIF
KAIS,KHENCHELA
AIN SOLTANE,AIN-DEFLA
DOUAOUDA,TIPAZA
NEZLA,TOUGGOURT
BESBES,EL-TARF
CHERAGA,ALGER
EL IDRISSIA,DJELFA
ADRAR,ADRAR
METLILI,GHARDAIA
CHETTIA,CHLEF
SIGUS,OUM EL-BOUAGHI
EL GHOMRI,MASCARA
DJEBEL MESSAAD,MSILA
BAYADHA,EL-OUED
SI MUSTAPHA,BOUMERDES
COLLO,SKIKDA
AIN EL MELH,MSILA
CHORFA,BOUIRA
AIT BOUADOU,TIZI-OUZOU
EL MGHAIR,EL-OUED
OULED SLAMA,BLIDA
SOUK EL TENINE,TIZI-OUZOU
GHASSOUL,EL-BAYADH
DIDOUCHE MOURAD,CONSTANTINE
AIN BENIAN,ALGER
HAD SAHARY,DJELFA
REGUIBA,EL-OUED
OULED SABOR,SETIF
BOUGTOUB,EL-BAYADH
AKBOU,BEJAIA
HASSI RMEL,LAGHOUAT
EL MOURADIA,ALGER
EL KSEUR,BEJAIA
DRARIA,ALGER
SIDI MHAMED,ALGER
BOUDJELLIL,BEJAIA
BERRAHEL,ANNABA
DAR CHIOUKH,DJELFA
BETHIOUA,ORAN
AIN BESSAM,BOUIRA
OULHACA GHERRABA,AIN-TEMOUCHENT
ZIGHOUD YOUCEF,CONSTANTINE
GUELLAL,SETIF
ATH MANSOUR,BOUIRA
ROUACHED,MILA
BENI AMRANE,BOUMERDES
SOUR EL GHOZLANE,BOUIRA
SALAH BEY,SETIF
SABRA,TLEMCEN
HASNAOUA,BORDJ-BOU-ARRERIDJ
MESSAAD,DJELFA
BOUGHZOUL,MEDEA
BOUCAID,TISSEMSILT
ZEMMOURA,RELIZANE
DRAA EL MIZAN,TIZI-OUZOU
CHLEF,TISSEMSILT
OULED FARES,CHLEF
ZAHANA,MASCARA
MAATKA,TIZI-OUZOU
DAMOUS,TIPAZA
SIDI LAHCENE,SIDI-BELABBES
EL EULMA,SETIF
SIDI KHALED,SIDI-BELABBES
EL GAADA,MASCARA
EL HACAIBA,SIDI-BELABBES
SIDI KHELIFA,MILA
OULED BRAHIM,MEDEA
LARBATACHE,BOUMERDES
MILA,MILA
MDAOUROUCHE,SOUK-AHRAS
AIN FERAH,MASCARA
AIN-TEMOUCHENT,AIN-TEMOUCHENT
AIN FAKROUN,OUM EL-BOUAGHI
STIDIA,MOSTAGANEM
STITTEN,EL-BAYADH
SIDI MOUSSA,ALGER
CHELGHOUM LAID,MILA
AIN YAGOUT,BATNA
BOUFATIS,ORAN
OULED BOUGHALEM,MOSTAGANEM
SIDI EMBAREK,BORDJ-BOU-ARRERIDJ
HAMADIA,TIARET
DRAA ESSMAR,MEDEA
SIDI AKKACHA,CHLEF
HENAYA,TLEMCEN
RAMDANE DJAMEL,SKIKDA
SIDI KADA,MASCARA
MANSOURAH,TLEMCEN
TIZI GHENIF,TIZI-OUZOU
BACH DJERRAH,ALGER
CHIFFA,BLIDA
BOUNOURA,GHARDAIA
AGHNI GOUGHRAN,TIZI-OUZOU
TOUDJA,BEJAIA
AIN CHERCHAR,SKIKDA
LES EUCALYPTUS,ALGER
MOUADJEBAR,DJELFA
KERKERA,SKIKDA
BEN BADIS,CONSTANTINE
BOUTLELIS,ORAN
AFIR,BOUMERDES
AIN TEDLES,MOSTAGANEM
DREAN,EL-TARF
DJENIEN BOUREZG,NAAMA
AIT SMAIL,BEJAIA
SOUAHLIA,TLEMCEN
TEXENNA,JIJEL
ZMALET EMIR ABDELKADER,TIARET
BOUMAHRA AHMED,GUELMA
MAHDIA,TIARET
TIMIMOUN,TIMIMOUN
AIN  BIYA,ORAN
ROUIBA,ALGER
GHRISS,MASCARA
ZERDEZAS,SKIKDA
DJISR KSENTINA,ALGER
MEDIOUNA,RELIZANE
AZZABA,SKIKDA
BORDJ EMIR KHALED,AIN-DEFLA
AIN MERANE,CHLEF
ENSIGHA,KHENCHELA
HAMMA,SETIF
HADJADJ,MOSTAGANEM
SIDI MEZGHICHE,SKIKDA
MARHOUM,SIDI-BELABBES
GDYEL,ORAN
TAMACINE,TOUGGOURT
TLATET ED DOUAIR,MEDEA
BOUTALEB,SETIF
SIDI YACOUB,SIDI-BELABBES
TEBESBEST,TOUGGOURT
OULED SAID,TIMIMOUN
MEDRISSA,TIARET
BAINS ROMAINS,ALGER
TIZI RACHED,TIZI-OUZOU
OULED AHMED TIMI,ADRAR
BELKHEIR,GUELMA
OUADHIA,TIZI-OUZOU
OUAMRI,MEDEA
TASSALA EL MERDJA,ALGER
HAMADI KROUMA,SKIKDA
AIN ABID,CONSTANTINE
OUED EL MA,BATNA
TADJENA,CHLEF
SEDRAIA,MEDEA
AIN BOUZIANE,SKIKDA
GUEMAR,EL-OUED
ABADLA,BECHAR
DJEMAA BENI HABIBI,JIJEL
ABI YOUCEF,TIZI-OUZOU
ACHAACHA,MOSTAGANEM
AZAZGA,TIZI-OUZOU
TAKHMARET,TIARET
INZEGMIR,ADRAR
EL FEIDH,BISKRA
MEROUANA,BATNA
BENI OUARSOUS,TLEMCEN
EL ACHOUR,ALGER
AIN EL HADID,TIARET
MEFTAH,BLIDA
TAOURA,SOUK-AHRAS
BOUTELDJA,EL-TARF
SIDI MHAMED BEN ALI,RELIZANE
AIN KERMA,ORAN
MERSA BEN MHIDI,TLEMCEN
TAMALAHT,TISSEMSILT
SAYADA,MOSTAGANEM
BIR MOKADEM,TEBESSA
SEBAINE,TIARET
HASSI BOUNIF,ORAN
AIN TOUILA,KHENCHELA
SIDI AMAR,TIPAZA
OUGHLAL,BISKRA
BENI RACHED,CHLEF
BOUZAREAH,ALGER
BOUGARA,BLIDA
DOUCEN,OULED DJELLAL
MERS EL KEBIR,ORAN
OULED DJELLAL,OULED DJELLAL
AIN TOLBA,AIN-TEMOUCHENT
EL MARSA,ALGER
MATMORE,MASCARA
EL ANCOR,ORAN
IFERHOUNENE,TIZI-OUZOU
GHAZAOUET,TLEMCEN
TIMIAOUINE,BORDJ BADJI MOKHTAR
TAOUGRITE,CHLEF
AOMAR,BOUIRA
DHAYET BENDAHOUA,GHARDAIA
BERRIANE,GHARDAIA
HAMMAM DHALAA,MSILA
KOLEA,TIPAZA
ZITOUNA,SKIKDA
ISSER,BOUMERDES
SIDI AOUN,EL-OUED
MOUZAIA,BLIDA
BOUGUIRAT,MOSTAGANEM
SOUAGUI,MEDEA
RAS EL AIOUN,BATNA
TAMANRASSET,TAMANRASSET
IFLISSEN,TIZI-OUZOU
BOUFARIK,BLIDA
AIN TAGHROUT,BORDJ-BOU-ARRERIDJ
EL ANSEUR,BORDJ-BOU-ARRERIDJ
BOU ISMAIL,TIPAZA
OUACIF,TIZI-OUZOU
EL HARROUCH,SKIKDA
YOUB,SAIDA
BOUMERDES,BOUMERDES
MEZAGHRANE,MOSTAGANEM
BOUSSEMGHOUN,EL-BAYADH
MIHOUB,MEDEA
SOUIDANIA,ALGER
HYDRA,ALGER
MARSAT EL HADJADJ,ORAN
AIN AZAL,SETIF
TIZI NBECHAR,SETIF
EL HESSIANE,MOSTAGANEM
BELARBI,SIDI-BELABBES
EL BRAYA,ORAN
KSOUR,BORDJ-BOU-ARRERIDJ
AIN FARES,MASCARA
BOUHANIFIA,MASCARA
HAMMAM BOUHADJAR,AIN-TEMOUCHENT
BORDJ MENAIEL,BOUMERDES
DAHOUARA,GUELMA
BAB EL OUED,ALGER
TALA IFACENE,SETIF
CHIHANI,EL-TARF
BENI MAOUCHE,BEJAIA
AIN MAKHLOUF,GUELMA
AIN EL HADJAR,BOUIRA
KADIRIA,BOUIRA
AIT OUMALOU,TIZI-OUZOU
AIN TOUTA,BATNA
KHEMISTI,TIPAZA
SIDI BOUSSAID,MASCARA
BENI SNOUS,TLEMCEN
BECHLOUL,BOUIRA
OULED RABAH,JIJEL
GUELTAT SIDI SAAD,LAGHOUAT
AGHRIB,TIZI-OUZOU
EL HASSI,BATNA
KHRAISSIA,ALGER
ZENATA,TLEMCEN
MAOUSSA,MASCARA
SIDI OKBA,BISKRA
OUZERA,MEDEA
MEDJEDEL,MSILA
EL KEURT,MASCARA
BOUSSIF OULED AKSEUR,JIJEL
CHEKFA,JIJEL
SIDI NAAMANE,MEDEA
FOUKA,TIPAZA
AIT AISSA MIMOUN,TIZI-OUZOU
SIDI GHILES,TIPAZA
EL ACHIR,BORDJ-BOU-ARRERIDJ
MOHAMMADIA,ALGER
SOUMAA,BLIDA
BOGHNI,TIZI-OUZOU
AMMI MOUSSA,RELIZANE
EL HARRACH,ALGER
KHEMIS MILIANA,AIN-DEFLA
DJENDEL,AIN-DEFLA
HAMMAM NBAIL,GUELMA
EL HOCEINIA,AIN-DEFLA
BENACHIBA CHELIA,SIDI-BELABBES
AIN DEHEB,TIARET
BENI MESSOUS,ALGER
BARBOUCHE,AIN-DEFLA
NGAOUS,BATNA
CHEMINI,BEJAIA
BORDJ OMAR DRISS,ILLIZI
SIDI ALI BENYOUB,SIDI-BELABBES
OULED HADJADJ,BOUMERDES
BARBACHA,BEJAIA
ZIAMA MANSOURIA,JIJEL
OULED MOUSSA,BOUMERDES
AIN TAGOURAIT,TIPAZA
AIN NAGA,BISKRA
EL KENNAR NOUCHFI,JIJEL
TAMALOUS,SKIKDA
OUYOUN EL ASSAFIR,BATNA
GOLEA,GHARDAIA
BERRIHANE,EL-TARF
BEKKOUCHE LAKHDAR,SKIKDA
CHETMA,BISKRA
HADJ MECHRI BOUALEM,EL-BAYADH
AIN KERMA,EL-TARF
KIMIR OUED ADJOUL,JIJEL
BIR EL ATER,TEBESSA
LARBA NAIT IRATHEN,TIZI-OUZOU
HARCHOUN,CHLEF
DRAA EL KAID,BEJAIA
TOLGA,EL M'GHAÏER
MANSOURA,BORDJ-BOU-ARRERIDJ
CHERCHAR,KHENCHELA
AIN BENIAN,AIN-DEFLA
OULED ZOUAI,OUM EL-BOUAGHI
BENDJERRAH,GUELMA
KHEZARA,GUELMA
FORNAKA,MOSTAGANEM
SERIANA,BATNA
ROUINA,CHLEF
EL ATTEUF,GHARDAIA
BOUKHADRA,TEBESSA
SIDI MAAROUF,JIJEL
TAGHZOUT,EL-OUED
RAHOUIA,TIARET
TACHOUDA,SETIF
LAYOUNE,TISSEMSILT
OULED RACHED,BOUIRA
DJEBILA,EL-OUED
SOUANI,TLEMCEN
YAKOUREN,TIZI-OUZOU
TILMOUNI,SIDI-BELABBES
EL AMRA,AIN-DEFLA
EL OMARIA,MEDEA
HONAINE,TLEMCEN
EL HAMMADIA,BORDJ-BOU-ARRERIDJ
AFLOU,LAGHOUAT
FERRAOUN,BEJAIA
AIN BEIDA,OUARGLA
ZERIBET EL OUED,BISKRA
SIDI LAKHDAR,MOSTAGANEM
BENI ZID,SKIKDA
MSIRDA FOUAGA,TLEMCEN
BOUDOUAOU EL BAHRI,BOUMERDES
ZAAFRANE,DJELFA
AIN DISS,OUM EL-BOUAGHI
BENI HAOUA,CHLEF
BORDJ BOUNAAMA,TISSEMSILT
BOUINAN,BLIDA
TESSALA,SIDI-BELABBES
MESAOUD BOUDJERIOU,CONSTANTINE
TOUAHRIA,MOSTAGANEM
BENI BAHDEL,TLEMCEN
TICHI,BEJAIA
SEDJERARA,MASCARA
TALEB LARBI,EL-OUED
DAHMOUNI,TIARET
MACHRAA SFA,TIARET
ROUISSAT,OUARGLA
BOUDRIA BENI YADJIS,JIJEL
SIDI LANTRI,TISSEMSILT
FESDIS,BATNA
ZEBOUDJA,CHLEF
AKFADOU,BEJAIA
OUM TOUB,SKIKDA
MEDJANA,BORDJ-BOU-ARRERIDJ
SIDI AICH,BEJAIA
EL ABIODH SIDI CHEIKH,EL-BAYADH
OULED AMMAR,BATNA
SIDI SLIMANE,TISSEMSILT
BENSEKRANE,TLEMCEN
TALASSA,CHLEF
BORDJ BADJI MOKHTAR,BORDJ BADJI MOKHTAR
SIDI ABDELLI,TLEMCEN
OUED SEFIOUN,SIDI-BELABBES
BENI DOUALA,TIZI-OUZOU
DAHRA,CHLEF
DJENDEL SAADI MOHAMED,SKIKDA
OULED ADDI GUEBALA,MSILA
MENAA,BATNA
TADMAIT,TIZI-OUZOU
BOUCHEGOUF,GUELMA
LAHMAR,BECHAR
HASSI MAAMECHE,MOSTAGANEM
MISSERGHIN,ORAN
LIOUA,BISKRA
AIN TORKI,AIN-DEFLA
M_ZIRAA,BISKRA
BIR GHBALOU,BOUIRA
SEBDOU,TLEMCEN
FREHA,TIZI-OUZOU
SEGHOUANE,MEDEA
CHEURFA,ANNABA
SIDI AMEUR,MSILA
BOUZEGHAIA,CHLEF
EL MA LABIOD,TEBESSA
AIN BEN KHELIL,NAAMA
BEN AZZOUZ,SKIKDA
KSAR EL HIRANE,LAGHOUAT
FIL FILA,SKIKDA
BEN AKNOUN,ALGER
MEGARINE,TOUGGOURT
OULED CHEBEL,ALGER
AIN ROMANA,BLIDA
ZEROUALA,SIDI-BELABBES
TADJENANET,MILA
OUED MORRA,LAGHOUAT
OUED ATHMANIA,MILA
KHERRATA,BEJAIA
TIRMITINE,TIZI-OUZOU
OULED RECHACHE,KHENCHELA
ARZEW,ORAN
DJEMILA,SETIF
MCIF,MSILA
OUARIZANE,RELIZANE
OULED KIHAL,AIN-TEMOUCHENT
EL GUELBELKEBIR,MEDEA
EL MHIR,BORDJ-BOU-ARRERIDJ
BIR OULED KHELIFA,AIN-DEFLA
AMIZOUR,BEJAIA
AIN BEIDA HARRICHE,MILA
GOLEA,EL MENIAÂ
BREZINA,EL-BAYADH
BENI AISSI,TIZI-OUZOU
MECHROHA,SOUK-AHRAS
AIN ABESSA,SETIF
OUGBELLIL,AIN-TEMOUCHENT
TAFRAOUI,ORAN
DJMILA,JIJEL
DHALAA,OUM EL-BOUAGHI
SIDI AMRANE,EL-OUED
EL KHEMIS,DJELFA
BOUSFER,ORAN
EL HADJEB,BISKRA
KAOUS,JIJEL
HAMMAM SKHOUNA,SETIF
RAS EL MA,SIDI-BELABBES
OULED RAHMOUN,CONSTANTINE
OULED BRAHIM,SAIDA
AIN LARBI,GUELMA
KHEIR EDDINE,MOSTAGANEM
CHREA,BLIDA
MKIRA,TIZI-OUZOU
MENDES,RELIZANE
HAMMAM DEBAGH,GUELMA
HAMMAM RIGHA,AIN-DEFLA
MESSELMOUN,TIPAZA
BEN MHIDI,EL-TARF
MCID,SIDI-BELABBES
OGGAZ,MASCARA
DELLYS,BOUMERDES
FROHA,MASCARA
BOURKIKA,TIPAZA
TAZMALT,BEJAIA
EL MAHMAL,KHENCHELA
AIN FEKAN,MASCARA
KHENEG,LAGHOUAT
BENI OUNIF,BECHAR
BOUGOUS,EL-TARF
BOUHAROUN,TIPAZA
HASSI EL EUCH,DJELFA
BENI AZIZ,SETIF
EL MAGHARIA,ALGER
BEN CHOUD,BOUMERDES
RAHMANIA,ALGER
ARIB,AIN-DEFLA
DEUX BASSINS,MEDEA
SIDI MAKHLOUF,LAGHOUAT
IN GUEZZAM,IN GUEZZAM
EL MAYENE,AIN-DEFLA
BELAASSEL BOUZEGZA,RELIZANE
AIN EL HADJAR,SAIDA
ZELFANA,GHARDAIA
DJERMA,BATNA
OULED MIMOUN,TLEMCEN
AIN DJASSER,BATNA
AIN LAHDJAR,SETIF
EL ANCER,JIJEL
TIXTER,BORDJ-BOU-ARRERIDJ
LAMTAR,SIDI-BELABBES
MELLAKOU,TIARET
CHEBLI,BLIDA
BOUMEDFAA,AIN-DEFLA
EL ASSAFIA,LAGHOUAT
LAZHARIA,TISSEMSILT
BABOR,SETIF
DRAA KEBILA,SETIF
EL KARMA,ORAN
YAHIA BENI GUECHA,MILA
AIN EL ARBAA,AIN-TEMOUCHENT
OUED FRAGHA,GUELMA
GUIDJEL,SETIF
NACIRIA,BOUMERDES
BALIDAT AMEUR,TOUGGOURT
ZEGHAIA,MILA
DJINET,BOUMERDES
OUED DJER,BLIDA
AIT CHAFFAA,TIZI-OUZOU
EL DJEZIA,OUM EL-BOUAGHI
TREAT,ANNABA
EL HAMEL,MSILA
MERAHNA,SOUK-AHRAS
SIDI ABDERRAHMANE,CHLEF
ARRIS,BATNA
BRANIS,BISKRA
CHERIA,TEBESSA
BENI TAMOU,BLIDA
SOUK EL HAD,BOUMERDES
SOUK NAAMANE,OUM EL-BOUAGHI
CHETAIBI,ANNABA
MENAA,MSILA
GRAREM GOUGA,MILA
CHABET EL AMEUR,BOUMERDES
CHERCHEL,TIPAZA
BEN DAOUD,RELIZANE
TASSALA LEMTAI,MILA
MAAFA,BATNA
LICHANA,BISKRA
BELIMOUR,BORDJ-BOU-ARRERIDJ
TRIFAOU,EL-OUED
INOUGHISSENE,BATNA
MEDROUSSA,TIARET
BERRICHE,OUM EL-BOUAGHI
OUED TLELAT,ORAN
OUENOUGHA,MSILA
MIH OUENSA,EL-OUED
EL GHROUS,BISKRA
EL AOUANA,JIJEL
OUED NINI,OUM EL-BOUAGHI
BENI ZIKI,TIZI-OUZOU
MAKOUDA,TIZI-OUZOU
CHAIBA,TIPAZA
HIDOUSSA,BATNA
TERNI BENI HEDIEL,TLEMCEN
OULED SIDI BRAHIM,MSILA
SIDI SAFI,AIN-TEMOUCHENT
OUED CHAABA,BATNA
EL GUEDDID,DJELFA
MOULAY LARBI,SAIDA
BOUARFA,BLIDA
BORDJ ZEMOURA,BORDJ-BOU-ARRERIDJ
TAMLOUKA,GUELMA
ZEMMOURI,BOUMERDES
EL MADHER,BATNA
GHILASSA,BORDJ-BOU-ARRERIDJ
BOUHAMZA,BEJAIA
BERHOUM,MSILA
HAD CHEKKALA,RELIZANE
EL GHEDIR,SKIKDA
TALKHEMT,BATNA
SIDI BOUBEKEUR,SAIDA
LARBAA,TISSEMSILT
OUED EL BERDI,BOUIRA
MAADID,MSILA
SIDI MEROUANE,MILA
OUM EL ADHAIM,SOUK-AHRAS
TAOURGA,BOUMERDES
ASFOUR,EL-TARF
AIN TASSERA,BORDJ-BOU-ARRERIDJ
GOURAYA,TIPAZA
AIN ZAOUIA,TIZI-OUZOU
OULED RIAH,TLEMCEN
EL MCHIRA,MILA
AIN EL KEBIRA,SETIF
SOBHA,CHLEF
TABELBALA,BÉNI ABBÈS
KHOUBANA,MSILA
SIDI DAHO,SIDI-BELABBES
AIN ZERGA,TEBESSA
ZANA EL BEIDA,BATNA
SIDI HAMADOUCHE,SIDI-BELABBES
TINEBDAR,BEJAIA
AIN LECHIAKH,AIN-DEFLA
OULED SI SLIMANE,BATNA
LAHLEF,RELIZANE
OUED CHOULY,TLEMCEN
BOUAICHE,MEDEA
BOUSKENE,MEDEA
SIDI ALI BOUSSIDI,SIDI-BELABBES
KHADRA,MOSTAGANEM
MEKLA,TIZI-OUZOU
CHENIGUEL,MEDEA
KENDIRA,BEJAIA
OULED SELLAM,BATNA
MEDJEZ AMAR,GUELMA
OULED FADEL,BATNA
LAGHATA,BOUMERDES
MEKHATRIA,AIN-DEFLA
OUED EL DJEMAA,RELIZANE
AOUF,MASCARA
MOUDJEBEUR,MEDEA
HANNACHA,MEDEA
BOUZINA,BATNA
SIDI RACHED,TIPAZA
ILLIZI,ILLIZI
EL HAMDANIA,MEDEA
AIN TALLOUT,TLEMCEN
MESRA,MOSTAGANEM
BOUAICHOUNE,MEDEA
TAOURIRT IGHIL,BEJAIA
DERRADJI BOUSSELAH,MILA
KHETTOUTI SED EL DJIR,MSILA
TAGHIT,BECHAR
ECH CHAIBA,OULED DJELLAL
TIZI,MASCARA
AMOUCHA,SETIF
EL GUERRARA,GHARDAIA
HASSI MEFSOUKH,ORAN
AIN ZANA,SOUK-AHRAS
EL AIOUN,EL-TARF
AIN GHORABA,TLEMCEN
OULED YAHIA KHADROUCHE,JIJEL
BORDJ OUKHRISS,BOUIRA
AIN KIHEL,AIN-TEMOUCHENT
BIR KASDALI,BORDJ-BOU-ARRERIDJ
TIENET,TLEMCEN
OUED EL ABTAL,MASCARA
AIT YAHIA,TIZI-OUZOU
OUED ZHOUR,SKIKDA
EL BOUIHI,TLEMCEN
SIDI SAID,BEJAIA
FELLAOUCENE,TLEMCEN
AMARNAS,SIDI-BELABBES
AIN SIDI ALI,LAGHOUAT
HARAOUA,ALGER
MORSOT,TEBESSA
AIN SKHOUNA,SAIDA
ZEKRI,TIZI-OUZOU
EL OUATA,BÉNI ABBÈS
EL BORDJ,MASCARA
IN GHAR,IN SALAH
ROBBAH,EL-OUED
TIBERKANINE,AIN-DEFLA
BEN SROUR,MSILA
TAMENTIT,ADRAR
IGHIL ALI,BEJAIA
AHL EL KSAR,BOUIRA
EL KHARROUBA,BOUMERDES
IBOUDRAREN,TIZI-OUZOU
AIT TOUDERT,TIZI-OUZOU
MELBOU,BEJAIA
CHERAIA,SKIKDA
BENHAR,DJELFA
TIBANE,BEJAIA
AIN BEN BEIDA,GUELMA
BOUHENNI,MASCARA
ROKNIA,GUELMA
STILL,EL-OUED
TIBERGUENT,MILA
TIDJELABINE,BOUMERDES
AMIRA ARRES,MILA
TAOUZIANAT,KHENCHELA
BENAIRIA,CHLEF
EL EMIR ABDELKADER,AIN-TEMOUCHENT
TIZI NBERBER,BEJAIA
EL MARSA,CHLEF
AIT YAHIA MOUSSA,TIZI-OUZOU
ASSI YOUCEF,TIZI-OUZOU
REDJEM DEMMOUCHE,SIDI-BELABBES
TADJEMOUT,LAGHOUAT
COLLA,BORDJ-BOU-ARRERIDJ
OUED TAOURIRA,SIDI-BELABBES
KSAR KADDOUR,TIMIMOUN
MESKIANA,OUM EL-BOUAGHI
SANEG,MEDEA
AIN EL HAMMAM,TIZI-OUZOU
KOUININE,EL-OUED
OUZELLAGUEN,BEJAIA
AIT LAAZIZ,BOUIRA
IGHRAM,BEJAIA
CHAHBOUNIA,MEDEA
SAFSAF,MOSTAGANEM
OUED ENDJA,MILA
BEN CHICAO,MEDEA
SALAH BOUCHAOUR,SKIKDA
SLIM,MSILA
AMMARI,TISSEMSILT
OUED GHIR,BEJAIA
OUAGUENOUN,TIZI-OUZOU
EL OUENZA,TEBESSA
KSAR SBAHI,OUM EL-BOUAGHI
AMIEUR,TLEMCEN
BORDJ SABATH,GUELMA
GUERROUMA,BOUIRA
DARGUINA,BEJAIA
BOUCHAGROUN,BISKRA
NAKHLA,EL-OUED
AIN BOUCHEKIF,TIARET
SIDI BAIZID,DJELFA
EL MAZERAA,TEBESSA
ZAOUIET KOUNTA,ADRAR
FEIDH EL BOTMA,DJELFA
EL MERIDJ,TEBESSA
HASSANI ABDELKRIM,EL-OUED
TENIRA,SIDI-BELABBES
AIN YOUCEF,TLEMCEN
BOUHMAMA,KHENCHELA
HANCHIR TOUMGHANI,OUM EL-BOUAGHI
EL BIOD,NAAMA
MAGHRAOUA,MEDEA
BOUTI SAYEH,MSILA
BIR HADDADA,SETIF
HAMMAM BENI SALAH,EL-TARF
SOUAREKH,EL-TARF
BENI HAMIDENE,CONSTANTINE
BENIAN,MASCARA
EL HACHIMIA,BOUIRA
DJEBAHIA,BOUIRA
BIR BOU HAOUCH,SOUK-AHRAS
HASSI BEN ABDELLAH,OUARGLA
TACHTA ZEGARRA,AIN-DEFLA
BIR DHEHEB,TEBESSA
OULED SIDI MIHOUB,RELIZANE
MIZRANA,TIZI-OUZOU
OUED DJEMAA,AIN-DEFLA
OUED EL KHEIR,MOSTAGANEM
SIDI KHALED,OULED DJELLAL
KASDIR,NAAMA
DJANET,DJANET
MTOUSSA,KHENCHELA
SELIAOUA ANNOUNA,GUELMA
DJOUAB,MEDEA
BOUHLOU,TLEMCEN
KHEMISTI,TISSEMSILT
AHMED RACHDI,MILA
HANIF,BOUIRA
KANOUA,SKIKDA
RECHAIGA,TIARET
GUELTA ZERGA,SETIF
HOUNET,SAIDA
BOUANDAS,SETIF
EL MANSOURA,GHARDAIA
ROSFA,SETIF
BEKKARIA,TEBESSA
TAMZOUGHA,AIN-TEMOUCHENT
KHANGAT SIDI NADJI,BISKRA
TINERKOUK,TIMIMOUN
BOUHAMDANE,GUELMA
MOCTADOUZ,MASCARA
MEDJEZ SFA,GUELMA
ADEKAR,BEJAIA
DJEBALA,TLEMCEN
CHELLAL,MSILA
KHAMS DJOUAMAA,MEDEA
SIDI ABDELAZIZ,JIJEL
HASSI KHELIFA,EL-OUED
AIN MAABED,DJELFA
MAGRA,MSILA
MERINE,SIDI-BELABBES
FKIRINA,OUM EL-BOUAGHI
SIDI ABDELMOUMENE,MASCARA
BENI DJELLIL,BEJAIA
MOULAY SLISSEN,SIDI-BELABBES
IN SALAH,TAMANRASSET
EL GOR,TLEMCEN
BABAR,KHENCHELA
NADORAH,TIARET
OULED DAHMANE,BORDJ-BOU-ARRERIDJ
ABALESSA,TAMANRASSET
IFIGHA,TIZI-OUZOU
SIDI KHETTAB,RELIZANE
SIDI AMAR,SAIDA
TOUSNINA,TIARET
TERRAGUELT,SOUK-AHRAS
ZAAROURIA,SOUK-AHRAS
BENI BOUSSAID,TLEMCEN
AIN ZARIT,TIARET
AIN FEZZA,TLEMCEN
EL MARSA,SKIKDA
RAS EL MIAAD,OULED DJELLAL
ROGASSA,EL-BAYADH
MLILIHA,DJELFA
KEF EL AHMAR,EL-BAYADH
DJEMAA OULED CHEIKH,AIN-DEFLA
AGHBALOU,BOUIRA
BENI SEMIEL,TLEMCEN
KALAA,RELIZANE
YOUSSOUFIA,TISSEMSILT
SAHARIDJ,BOUIRA
SEHALA THAOURA,SIDI-BELABBES
ZERIZER,EL-TARF
MEKHADMA,BISKRA
MINAR ZARZA,MILA
SOUAFLIA,MOSTAGANEM
SIDI BRAHIM,SIDI-BELABBES
AOULEF,ADRAR
EL HADJIRA,TOUGGOURT
AGHLAL,AIN-TEMOUCHENT
M_CHOUNECHE,BISKRA
LAC DES OISEAUX,EL-TARF
TOUSMOULINE,EL-BAYADH
TIN ZAOUATINE,IN GUEZZAM
AIN NEHALA,TLEMCEN
DEBDEB,ILLIZI
MOHAMED BOUDIAF,MSILA
SOUK OUFELLA,BEJAIA
NADOR,TIPAZA
ILLILTEN,TIZI-OUZOU
ZITOUNA,EL-TARF
HADDADA,SOUK-AHRAS
AIT KHELILI,TIZI-OUZOU
LARHAT,TIPAZA
ZELMATA,MASCARA
MEZDOUR,BOUIRA
SIDI ABDERRAHMANE,TIARET
SIDI KHOUILED,OUARGLA
SOUR,MOSTAGANEM
SIDI BOUTOUCHENT,TISSEMSILT
NECHMAYA,GUELMA
OULED HAMLA,OUM EL-BOUAGHI
AIN EL ORAK,EL-BAYADH
RABTA,BORDJ-BOU-ARRERIDJ
CHEHAIMA,TIARET
RAOURAOUA,BOUIRA
YATAFEN,TIZI-OUZOU
EL MAMOUNIA,MASCARA
SETTARA,JIJEL
ALAIMIA,MASCARA
SOUAMAA,TIZI-OUZOU
SIDI TIFOUR,EL-BAYADH
BENI FOUDA,SETIF
OULED BESSEM,TISSEMSILT
EL MGHAIR,EL M'GHAÏER
BIR EL OUIDEN,SKIKDA
EL ASNAM,BOUIRA
EL ARICHA,TLEMCEN
AIN BERDA,ANNABA
MOSTEFA BEN BRAHIM,SIDI-BELABBES
SIDI SLIMANE,TOUGGOURT
NGOUSSA,OUARGLA
MEGHILA,TIARET
BOUKHELIFA,BEJAIA
EL EUCH,BORDJ-BOU-ARRERIDJ
EL KHABOUZIA,BOUIRA
OUED HARBIL,MEDEA
REBAIA,MEDEA
BOULEHILET,BATNA
TAMZA,KHENCHELA
EL OGLA,TEBESSA
OULED SLIMANE,MSILA
HADJ MECHRI,LAGHOUAT
BREIRA,CHLEF
BENI CHEBANA,SETIF
AIN SEBT,SETIF
ZAOUIA EL ABIDIA,OUARGLA
LEFLAYE,BEJAIA
BEDJENE,TEBESSA
CHELLALA,EL-BAYADH
OUM TIOUR,EL-OUED
DAR YAGHMOURASSENE,TLEMCEN
ZAOUIA EL ABIDIA,TOUGGOURT
AOUGROUT,TIMIMOUN
DJEZZAR,BATNA
EL OUTAYA,BISKRA
HASSI DHELAA,LAGHOUAT
AIN FEKKA,DJELFA
AIN EL BERD,SIDI-BELABBES
SEHAILIA,MASCARA
OUED CHORFA,AIN-DEFLA
OULED KHOUDIR,BÉNI ABBÈS
RAML SOUK,EL-TARF
BORDJ BEN AZZOUZ,BISKRA
BOUGARA,TIARET
AIN REGGADA,GUELMA
EL KOUIF,TEBESSA
OUED SEBBAH,AIN-TEMOUCHENT
TENDLA,EL-OUED
IN AMENAS,ILLIZI
MECHTRASS,TIZI-OUZOU
BEDRABINE EL MOKRANI,SIDI-BELABBES
TERGA,AIN-TEMOUCHENT
RAMKA,RELIZANE
BOUHACHANA,GUELMA
BENI MESTER,TLEMCEN
SED RAHAL,DJELFA
SEFIANE,BATNA
EL KANTARA,BISKRA
BAZER SAKRA,SETIF
SOUK EL KHEMIS,BOUIRA
SIDI AHMED,SAIDA
HACINE,MASCARA
MOUSSADEK,CHLEF
EL KHEITHER,EL-BAYADH
EL HOUAMED,MSILA
DIRAH,BOUIRA
CHAREF,DJELFA
SIDI SAADA,RELIZANE
HASSI LEFHAL,EL MENIAÂ
TABIA,SIDI-BELABBES
MANSOURAH,MOSTAGANEM
TASKRIOUT,BEJAIA
BEN ALLAL,AIN-DEFLA
BRIDA,LAGHOUAT
DERRAG,MEDEA
AIN ROUA,SETIF
DHAYA,SIDI-BELABBES
BELAIBA,MSILA
ERG FERRADJ,BECHAR
BOUHATEM,MILA
HERENFA,CHLEF
ABDELMALEK RAMDANE,MOSTAGANEM
BENI KHELLAD,TLEMCEN
BELAAS,CHLEF
TAMRIDJET,BEJAIA
IMSOUHAL,TIZI-OUZOU
SIDI ALI MELLAL,TIARET
OULED HEBABA,SKIKDA
BENZOUH,MSILA
ZEDDINE,AIN-DEFLA
NEGRINE,TEBESSA
IRDJEN,TIZI-OUZOU
AIN MELLOUK,MILA
TAIBET,TOUGGOURT
BENI ZMENZER,TIZI-OUZOU
MAARIF,MSILA
OULED DEIDE,MEDEA
CHETOUANE BELAILA,SIDI-BELABBES
SIDI LAADJEL,DJELFA
MAAMORA,SAIDA
AIN BOUYAHIA,AIN-DEFLA
ARBAOUAT,EL-BAYADH
EL MSAID,AIN-TEMOUCHENT
SIDI NAAMANE,TIZI-OUZOU
DOUIS,DJELFA
OULED MANSOUR,MSILA
EL FEDJOUDJ BOUGHRARA SAOUDI,OUM EL-BOUAGHI
OULED AISSA,BOUMERDES
TARIK IBN ZIAD,AIN-DEFLA
TAMESGUIDA,MEDEA
MELAAB,TISSEMSILT
MEKMEN BEN AMAR,NAAMA
HAMMAM GUERGOUR,SETIF
AIT MAHMOUD,TIZI-OUZOU
SOUK THLATA,TLEMCEN
SERDJ EL GHOUL,SETIF
BENI MELIKECH,BEJAIA
EL OGLA EL MALHA,TEBESSA
BENI KSILA,BEJAIA
LEMCEN,BATNA
BENDAOUD,BORDJ-BOU-ARRERIDJ
HANANCHA,SOUK-AHRAS
AIN TAREK,RELIZANE
FOUGGARAT EZ ZOUAIA,IN SALAH
AIT BOUMAHDI,TIZI-OUZOU
SEGGANA,BATNA
AIN RAHMA,RELIZANE
GUERNINI,DJELFA
KSAR BELEZMA,BATNA
EL HARMILIA,OUM EL-BOUAGHI
AIN ZITOUN,OUM EL-BOUAGHI
OUED BERKECHE,AIN-TEMOUCHENT
AIN KADA,SIDI-BELABBES
AIN SIDI CHERIF,MOSTAGANEM
TAOUILA,LAGHOUAT
GUERTOUFA,TIARET
HAMMAMET,TEBESSA
ZOUBIRIA,MEDEA
TADJROUNA,LAGHOUAT
EL MENAOUER,MASCARA
BENI LAHCENE,TISSEMSILT
FOUGHALA,BISKRA
BOUSSELAM,SETIF
EL GHICHA,LAGHOUAT
TADMIT,DJELFA
HAMALA,MILA
OULED MAAREF,MEDEA
EL HAMRI,RELIZANE
THENIET EL ANSEUR,BORDJ-BOU-ARRERIDJ
RAHBAT,BATNA
SFISSIFA,NAAMA
REHIA,OUM EL-BOUAGHI
SIDI MHAMED BENAOUDA,RELIZANE
MEZRENNA,MEDEA
AIN LAGRADJ,SETIF
TIT,ADRAR
TAGUEDIT,BOUIRA
BIR BEN ABED,MEDEA
GUIGBA,BATNA
OULED ATTIA,SKIKDA
MERDJET SIDI ABED,RELIZANE
CHENTOUF,AIN-TEMOUCHENT
SALI,ADRAR
DEHAMCHA,SETIF
AIN KEBIRA,TLEMCEN
AZIZ,MEDEA
BOUDERBALA,BOUIRA
EL GUEITNA,MASCARA
OULED GACEM,OUM EL-BOUAGHI
AIN FETAH,TLEMCEN
THLIDJENE,TEBESSA
TAMSA,MSILA
TELLA,SETIF
EL OUELDJA,SETIF
EL FEHOUL,TLEMCEN
HARBIL,SETIF
TAGLAIT,BORDJ-BOU-ARRERIDJ
IN GHAR,TAMANRASSET
TARMOUNT,MSILA
REGGANE,ADRAR
AKERROU,TIZI-OUZOU
OUED LILLI,TIARET
ROUINA,AIN-DEFLA
ASLA,NAAMA
TAGHZOUT,BOUIRA
OULED TEBBEN,SETIF
BOUZEGZA KEDDARA,BOUMERDES
AIN THRID,SIDI-BELABBES
BENI MEZLINE,GUELMA
OULED BRAHEM,BORDJ-BOU-ARRERIDJ
SIDI MEDJAHED,TLEMCEN
AZAILS,TLEMCEN
SI MAHDJOUB,MEDEA
BELLAA,SETIF
DJAAFRA,BORDJ-BOU-ARRERIDJ
BIR EL HMAM,SIDI-BELABBES
HASSI EL GARAA,EL MENIAÂ
BOUCHTATA,SKIKDA
KERZAZ,BÉNI ABBÈS
OUMACHE,BISKRA
SIDI BEN YABKA,ORAN
MOGHRAR,NAAMA
SIDI  ABDELGHANI,TIARET
CHERAGA,MILA
TIMOKTEN,ADRAR
ERRAGUENE,JIJEL
RAS EL AIN AMIROUCHE,MASCARA
OULED BOUDJEMAA,AIN-TEMOUCHENT
AKABILI,ADRAR
SIDI DJILLALI,TLEMCEN
AIN ZAATOUT,BISKRA
MAACEM,TISSEMSILT
TASSADANE HADDADA,MILA
BORDJ TAHER,JIJEL
SIDI SEMIANE,TIPAZA
SIDI BOUZID,LAGHOUAT
SIDI HADJERES,MSILA
SIDI BAKHTI,TIARET
AMMAL,BOUMERDES
SEBAA CHIOUKH,TLEMCEN
BOUIRA LAHDAB,DJELFA
DOUAR EL MA,EL-OUED
SIDI KHELLIL,EL-OUED
EL BORMA,OUARGLA
CHEGUIG,EL-BAYADH
TAMOKRA,BEJAIA
BOUMIA,BATNA
TAXLENT,BATNA
TALMINE,TIMIMOUN
AIN OUKSIR,MEDEA
OULED ADDOUANE,SETIF
TAFISSOUR,SIDI-BELABBES
TESMART,BORDJ-BOU-ARRERIDJ
TIFFECH,SOUK-AHRAS
TAOUDMOUT,SIDI-BELABBES
SIDI MHAMED,MSILA
KIMMEL,BATNA
BOUZEDJAR,AIN-TEMOUCHENT
LAZROU,BATNA
SIDI CHAIB,SIDI-BELABBES
AIN SANDEL,GUELMA
BENI ILMENE,MSILA
GHARROUS,MASCARA
CHEFIA,EL-TARF
DREA,SOUK-AHRAS
AIN MADHI,LAGHOUAT
KHALOUIA,MASCARA
EL HAOUCH,BISKRA
BORDJ EL HAOUES,DJANET
KEF LAKHDAR,MEDEA
IDJEUR,TIZI-OUZOU
MFATHA,MEDEA
SOUMAA,MSILA
RAS EL AGBA,GUELMA
EL AOUINET,MEDEA
TAYA,SETIF
AIN ERRICH,MSILA
AIN TINDAMINE,SIDI-BELABBES
OULED AISSA,TIMIMOUN
OUED EL ALENDA,EL-OUED
DJEMORAH,BISKRA
OULED DRISS,SOUK-AHRAS
AIN SOLTANE,SAIDA
TIZI MAHDI,MEDEA
OUED GHOUSSINE,CHLEF
GHAROUINE,TIMIMOUN
MTARFA,MSILA
SIDI LAZREG,RELIZANE
MAOUKLANE,SETIF
TIOUT,NAAMA
OUED KEBERIT,TEBESSA
IN AMGUEL,TAMANRASSET
EL ALLIA,TOUGGOURT
THENIET EL ABED,BATNA
HAMRAIA,EL-OUED
IN GUEZZAM,TAMANRASSET
TIMEZRIT,BOUMERDES
BOURACHED,AIN-DEFLA
EL OGLA,EL-OUED
SERAIDI,ANNABA
GOSBAT,BATNA
DOUI THABET,SAIDA
DAR BEN ABDELLAH,RELIZANE
TIGHANIMINE,BATNA
BENI HOCINE,SETIF
TAZROUK,TAMANRASSET
CHIR,BATNA
MNAGUER,TOUGGOURT
MAKDA,MASCARA
SELMANA,DJELFA
DOUAOUDA,ALGER
SIDI AYAD,BEJAIA
AIT R_ZINE,BEJAIA
FOUM TOUB,BATNA
DJEBILET ROSFA,TIARET
SAFSAF EL OUESRA,TEBESSA
BOULHAF DYR,TEBESSA
TAZGAIT,MOSTAGANEM
MAAMORA,BOUIRA
OUED MZI,LAGHOUAT
MDOUKAL,BATNA
BEIDHA,LAGHOUAT
BESBES,OULED DJELLAL
ZAKKAR,DJELFA
FAIDJA,TIARET
HASSI DAHO,SIDI-BELABBES
GOURIGUEUR,TEBESSA
SEBSEB,GHARDAIA
AMOURA,DJELFA
TILATOU,BATNA
GUETTARA,DJELFA
SIDI ZIANE,MEDEA
HARAZA,BORDJ-BOU-ARRERIDJ
DECHMIA,BOUIRA
RAGGOUBA,SOUK-AHRAS
HADJERET ENNOUS,TIPAZA
EL MAIN,BORDJ-BOU-ARRERIDJ
HAMMAM MELOUANE,BLIDA
TIGHARGHAR,BATNA
GUENZET TASSAMEURT,SETIF
SAFEL EL OUIDEN,SOUK-AHRAS
OULED SIDI AHMED,SETIF
BOUDJEBAA EL BORDJ,SIDI-BELABBES
OUM ALI,TEBESSA
BORDJ EL HAOUES,ILLIZI
DEHAHNA,MSILA
KHEDARA,SOUK-AHRAS
SEBGAG,LAGHOUAT
EL HAOUAITA,LAGHOUAT
BOUMAGUER,BATNA
FERKANE,TEBESSA
BENI YENNI,TIZI-OUZOU
AIN ADDEN,SIDI-BELABBES
HASSASNA,AIN-TEMOUCHENT
LES EUCALYPTUS,BEJAIA
BENI ABBES,BECHAR
BOUNOUH,TIZI-OUZOU
OUM EL ASSEL,TINDOUF
DELDOUL,TIMIMOUN
TIRCINE,SAIDA
REMILA,KHENCHELA
EL BNOUD,EL-BAYADH
OULED KHELLOUF,MILA
TAMEST,ADRAR
SIDI DAMED,MEDEA
TIDDA,TIARET
DJEBABRA,BLIDA
SERGHINE,TIARET
BOUDA,ADRAR
ZERZOUR,MSILA
BENI ZENTIS,RELIZANE
BENYAHIA ABDERRAHMANE,MILA
METARFA,TIMIMOUN
BENI MILLEUK,TIPAZA
MRARA,EL-OUED
TAGDEMT,TIARET
MAKEDRA,SIDI-BELABBES
AIN SOLTANE,SOUK-AHRAS
SEBAA,ADRAR
OUED SBAA,SIDI-BELABBES
EL HOUIDJBET,TEBESSA
MAALA,BOUIRA
SOUK EL HAD,RELIZANE
EL HAKIMIA,BOUIRA
CHELIA,KHENCHELA
OUM EL DJALIL,MEDEA
SIDI ABDELDJABAR,MASCARA
SIDI BELATTAR,MOSTAGANEM
AIN FRASS,MASCARA
OULED MADHI,MSILA
QUILLEN,SOUK-AHRAS
OUM LAADHAM,DJELFA
METKAOUAK,BATNA
ZBARBAR,BOUIRA
BOUKAIS,BECHAR
MSARA,KHENCHELA
TIMMOUDI,BÉNI ABBÈS
DELDOUL,DJELFA
OULED HELLAL,MEDEA
AGHBAL,TIPAZA
AIN BOUDINAR,MOSTAGANEM
MECHRAA HOUARI BOUMEDIENE,BECHAR
FENOUGHIL,ADRAR
NAIMA,TIARET
OULDJA BOULBELLOUT,SKIKDA
MAGRANE,EL-OUED
IGLI,BECHAR
EL AYADI BARBES,MILA
AISSAOUIA,MEDEA
BENI CHAIB,TISSEMSILT
EL MEHARA,EL-BAYADH
OULED BOUACHRA,MEDEA
MADNA,TIARET
OULED SIDI BRAHIM,BOUIRA
KHEMISSA,SOUK-AHRAS
OULED ANTAR,MEDEA
MERIDJA,BECHAR
BIR FODDA,MSILA
STAH GUENTIS,TEBESSA
TIFRA,BEJAIA
CHORFA,MASCARA
BENI YAGOUB,DJELFA
KERZAZ,BECHAR
BENI GUECHA,EL-OUED
MZADA,SETIF
LES EUCALYPTUS,ORAN
KHERRATA,SETIF
SIDI KHALED,BISKRA
BOURAOUI BELHADEF,JIJEL
KSABI,BÉNI ABBÈS
FOUGGARAT EZ ZOUAIA,TAMANRASSET
BENI BOUATTAB,CHLEF
